{
  "name": "angular-resource",
  "version": "1.5.7",
  "license": "MIT",
  "main": "./angular-resource.js",
  "ignore": [],
  "dependencies": {
    "angular": "1.5.7"
  },
  "homepage": "https://github.com/angular/bower-angular-resource",
  "_release": "1.5.7",
  "_resolution": {
    "type": "version",
    "tag": "v1.5.7",
    "commit": "579d3c3b7daaa4c80027caed9b8080bb853a19fb"
  },
  "_source": "https://github.com/angular/bower-angular-resource.git",
  "_target": "^1.5.7",
  "_originalSource": "angular-resource",
  "_direct": true
}