{
  "name": "ng-tour",
  "license": "MIT",
  "main": "ngTour.js",
  "dependencies": {
    "angular": "~1.4.8",
    "bootstrap": "~3.3.5",
    "angular-bootstrap": "~0.14.3",
    "angular-scroll": "~1.0.0"
  },
  "ignore": [
    "**/.*",
    "node_modules",
    "bower_components",
    "test",
    "tests",
    "package.json",
    "Gruntfile.js"
  ],
  "homepage": "https://github.com/hanselsen/ngTour",
  "_release": "5be82543fb",
  "_resolution": {
    "type": "branch",
    "branch": "master",
    "commit": "5be82543fb1839ea86312c9c93327978f3ffc77c"
  },
  "_source": "https://github.com/hanselsen/ngTour.git",
  "_target": "*",
  "_originalSource": "ng-route",
  "_direct": true
}